{
    "num_points": 16,
    "K": [
        [
            450.20258647212887,
            0.0,
            323.6178051836406
        ],
        [
            0.0,
            450.670813828224,
            190.4524213733064
        ],
        [
            0.0,
            0.0,
            1.0
        ]
    ],
    "distortion_coefficients": [
        0.1419005044770898,
        -0.4239981254267596,
        0.00043316976616307825,
        -0.0018201612873515402,
        0.38922174503566687
    ],
    "points_image1_pixel": [
        [
            328.0,
            195.0
        ],
        [
            346.0,
            197.0
        ],
        [
            329.0,
            232.0
        ],
        [
            346.0,
            235.0
        ],
        [
            335.0,
            204.0
        ],
        [
            382.0,
            210.0
        ],
        [
            411.0,
            215.0
        ],
        [
            382.0,
            243.0
        ],
        [
            411.0,
            249.0
        ],
        [
            430.0,
            195.0
        ],
        [
            461.0,
            200.0
        ],
        [
            461.0,
            230.0
        ],
        [
            513.0,
            187.0
        ],
        [
            551.0,
            195.0
        ],
        [
            508.0,
            220.0
        ],
        [
            544.0,
            228.0
        ]
    ],
    "points_image2_pixel": [
        [
            148.0,
            231.0
        ],
        [
            186.0,
            230.0
        ],
        [
            151.0,
            298.0
        ],
        [
            190.0,
            296.0
        ],
        [
            164.0,
            246.0
        ],
        [
            253.0,
            238.0
        ],
        [
            308.0,
            239.0
        ],
        [
            253.0,
            291.0
        ],
        [
            308.0,
            292.0
        ],
        [
            280.0,
            202.0
        ],
        [
            319.0,
            203.0
        ],
        [
            321.0,
            243.0
        ],
        [
            397.0,
            179.0
        ],
        [
            438.0,
            181.0
        ],
        [
            393.0,
            220.0
        ],
        [
            433.0,
            223.0
        ]
    ],
    "points_image1_normalized": [
        [
            0.00973417488176986,
            0.010090591022420594
        ],
        [
            0.04971031311491358,
            0.01452431731614599
        ],
        [
            0.011956056684247388,
            0.09207370166222345
        ],
        [
            0.04965987069506164,
            0.09868663017482328
        ],
        [
            0.025281352202726814,
            0.030055685559947396
        ],
        [
            0.12944641360909234,
            0.04327696302496924
        ],
        [
            0.19331807136419166,
            0.05421298594556218
        ],
        [
            0.12927710875486606,
            0.11617418272194317
        ],
        [
            0.1930561468164334,
            0.1291279954187739
        ],
        [
            0.23504215461597583,
            0.010008925088846972
        ],
        [
            0.30269351922481086,
            0.020963209345272835
        ],
        [
            0.30253829836914625,
            0.0869059092741864
        ],
        [
            0.41583786380405763,
            -0.007641164436112804
        ],
        [
            0.49891095808388125,
            0.009852319187970289
        ],
        [
            0.4048783265568949,
            0.06469474542830675
        ],
        [
            0.4835112177594599,
            0.08211620325881443
        ]
    ],
    "points_image2_normalized": [
        [
            -0.38413788870326915,
            0.08859761862698369
        ],
        [
            -0.3020482513709821,
            0.08671891629953565
        ],
        [
            -0.3770100877873445,
            0.23478368336115454
        ],
        [
            -0.2924947683193062,
            0.23094528164214076
        ],
        [
            -0.34945573200284863,
            0.12151246851152661
        ],
        [
            -0.1559883113669386,
            0.10494697689632977
        ],
        [
            -0.03459955657014911,
            0.1075065983395009
        ],
        [
            -0.1553257901413555,
            0.2210833432324253
        ],
        [
            -0.034372681299261645,
            0.22384063673411994
        ],
        [
            -0.09669724069767521,
            0.02557395692412317
        ],
        [
            -0.010253662793347452,
            0.027836445631869208
        ],
        [
            -0.005778631844650095,
            0.11636337138146588
        ],
        [
            0.16257195532781687,
            -0.025349529325737818
        ],
        [
            0.2525363466346034,
            -0.02086569714516312
        ],
        [
            0.1536825146986926,
            0.0653467241657854
        ],
        [
            0.2414886623791036,
            0.07172087676869565
        ]
    ],
    "essential_matrix": [
        [
            -0.13043377536172093,
            0.6217599435985812,
            0.0013368607621252746
        ],
        [
            -0.6945632698885866,
            -0.12611941890463368,
            -0.011883465092309522
        ],
        [
            -0.020958072451193237,
            0.31223898814454415,
            0.0013887477500874978
        ]
    ],
    "rotation_matrix": [
        [
            0.8862550133973868,
            0.18683128866690926,
            -0.42384681289713605
        ],
        [
            -0.17931893703819085,
            0.982082804524256,
            0.05794897649885784
        ],
        [
            0.42707934865489694,
            0.02464618901237922,
            0.9038781971702133
        ]
    ],
    "translation_direction": [
        0.4390895480069634,
        -0.05539926992717382,
        -0.8967336782582535
    ],
    "positive_depth_count": 16,
    "sampson_error_mean": 0.009250903730650416,
    "sampson_error_std": 0.007046324249243808,
    "sampson_error_max": 0.022219178882463476,
    "scale_factor": null,
    "translation_scaled": null
}